id,name
1,synthpop
2,german renaissance
3,scottish metal
4,mizrahi
5,folk rock
6,indie surf
7,christian afrobeat
8,slavic metal
9,regional mexican pop
10,neo-traditional bluegrass
11,irish dance
12,melodic metalcore
13,luxembourgian indie
14,early us punk
15,rap tunisien
16,danish pop rock
17,pernambuco alternative
18,microhouse
19,minimal wave
20,antideutsche
21,singaporean hip hop
22,chinese audiophile
23,neo-synthpop
24,portuguese black metal
25,funky breaks
26,mandible
27,polish jazz
28,diy emo
29,deep flow
30,cumbia pop
31,lafayette indie
32,modern reggae
33,oud
34,jazz mexicano
35,musica potosina
36,folktronica
37,brill building pop
38,karadeniz halk muzigi
39,vogue
40,british children's music
41,corrosion
42,zillertal
43,metal colombiano
44,punk colombiano
45,latin pop
46,turkish instrumental
47,nashville indie
48,german pop rock
49,slovenian rock
50,drama
51,swedish garage rock
52,chicago rap
53,funeral doom
54,neo mellow
55,mexican son
56,polish alternative rock
57,jump blues
58,mbalax
59,spanish comedy
60,progressive metalcore
61,symphonic death metal
62,japanese progressive house
63,greek black metal
64,danish techno
65,ambient techno
66,pop romantico
67,warm drone
68,singaporean electronic
69,salsa international
70,tibetan traditional
71,post-disco
72,modern uplift
73,motivation
74,grand rapids indie
75,glam rock
76,lo star
77,funana
78,german tech house
79,nasyid
80,columbus ohio indie
81,punta
82,japanese girl punk
83,contemporary jazz
84,jordanian pop
85,mbira
86,intelligent dance music
87,bahamian pop
88,punk urbano
89,turkish jazz
90,discofox
91,italian doom metal
92,polish trap
93,croatian pop
94,pagode
95,christian indie
96,vapor trap
97,progressive doom
98,russian indie
99,salsa colombiana
100,focus trance
101,uk tech house
102,frenchcore
103,disney espanol
104,spanish noise pop
105,lo-fi beats
106,brazilian hardcore
107,kundiman
108,dub reggae
109,mandolin
110,swedish psychedelic rock
111,rock en espanol
112,chanson quebecois
113,ukrainian electronic
114,nederpop
115,cowboy western
116,amharic pop
117,german techno
118,kleine hoerspiel
119,talent show
120,cumbia ecuatoriana
121,acousmatic
122,volksmusik
123,dominican pop
124,messianic praise
125,egyptian pop
126,new americana
127,indonesian death metal
128,electric bass
129,industrial metal
130,tarantella
131,smooth soul
132,progressive thrash
133,deep funk
134,azontobeats
135,chill lounge
136,uk post-hardcore
137,tahitian
138,wassoulou
139,abstract idm
140,milwaukee hip hop
141,vintage gospel
142,garage pop
143,christian hardcore
144,groove room
145,shaabi
146,south dakota indie
147,texas pop punk
148,swing
149,dunedin indie
150,spanish techno
151,deep dubstep
152,livetronica
153,early romantic era
154,perth indie
155,electro jazz
156,hammond organ
157,channel pop
158,nu disco
159,uptempo hardcore
160,finnish worship
161,russian romance
162,technical brutal death metal
163,j-poprock
164,neo soul
165,spanish rockabilly
166,balkan hip hop
167,sega mauricien
168,milan indie
169,danish indie pop
170,aussie emo
171,neo-trad metal
172,zambian pop
173,slovenian pop
174,fingerstyle
175,float house
176,technical deathcore
177,german post-hardcore
178,military band
179,norges stemme
180,scottish techno
181,korean metal
182,dembow
183,naat
184,cathedral choir
185,huapango
186,hardcore punk espanol
187,canadian modern jazz
188,classical guitar quartet
189,norwegian jazz
190,naija worship
191,salsa cubana
192,jazz fusion
193,polish hip hop
194,trap argentino
195,r&b en espanol
196,clean comedy
197,moldovan pop
198,mongolian pop
199,portland metal
200,finnish pop
201,russian metal
202,derby indie
203,rap conciencia
204,german singer-songwriter
205,dutch jazz
206,m√∫sica pitiusa
207,stomp and flutter
208,classic thai pop
209,skate punk
210,new orleans blues
211,israeli techno
212,dutch pop
213,pakistani folk
214,israeli indie
215,arabic hip hop
216,opera
217,gothenburg indie
218,boogie-woogie
219,german dance
220,kabyle
221,punjabi pop
222,italian pop rock
223,brazilian neo-psychedelic
224,eau claire indie
225,jazz
226,kashmiri pop
227,cantopop
228,wyoming roots
229,pinoy pop punk
230,free improvisation
231,math rock
232,hamburg indie
233,michigan indie
234,worship
235,kompa
236,post-disco soul
237,uilleann pipes
238,musica afroperuana
239,australian electropop
240,faroese folk
241,italian ska
242,uplifting trance
243,norwegian hip hop
244,derry indie
245,cavernous death metal
246,demoscene
247,wave
248,neomelodici
249,cdmx indie
250,latin afrobeat
251,syrian pop
252,cumbia peruana
253,streektaal
254,honky tonk
255,indonesian r&b
256,hard minimal techno
257,rwandan pop
258,melodic death metal
259,canadian pop
260,mexican hip hop
261,celtic metal
262,cumbia paraguaya
263,retro soul
264,classical mandolin
265,bristol electronic
266,greek trap
267,ethereal wave
268,ragtime
269,latin
270,classic finnish pop
271,australian post-hardcore
272,sound art
273,scream rap
274,chicago soul
275,deep german indie
276,medieval folk
277,german metal
278,kentucky metal
279,south african gospel
280,indie electropop
281,filmi
282,uk christian rap
283,wellington indie
284,hoerspiel
285,berlin school
286,german ska
287,lithuanian pop
288,country pop
289,bluegrass gospel
290,louisville indie
291,anarcho-punk
292,drone folk
293,puglia indie
294,russelater
295,mexican classic rock
296,dinner jazz
297,australian singer-songwriter
298,polca paraguaya
299,electronicore
300,psychill
301,rhythm game
302,college a cappella
303,american folk revival
304,classical guitar
305,noisecore
306,appalachian folk
307,traditional blues
308,ska jazz
309,classic indo pop
310,swiss indie
311,volkspop
312,british alternative rock
313,canadian hip hop
314,ontario indie
315,sonora indie
316,classic norwegian pop
317,keroncong
318,israeli trap
319,marathi pop
320,modern big band
321,spanish punk
322,ukrainian pop
323,noise pop
324,french pop
325,coverchill
326,canadian choir
327,early modern classical
328,jazz guitar
329,cajun
330,british choir
331,dutch underground hip hop
332,folklore boliviano
333,italian disco
334,musica popular paraense
335,reggae catala
336,belgian metal
337,dream pop
338,german black metal
339,finnish metal
340,military rap
341,dc hardcore
342,afrofuturism
343,mexican indie
344,funk rock
345,taiwanese pop
346,accordion
347,blasmusik
348,jazz accordion
349,stomp and whittle
350,flick hop
351,street punk
352,hammered dulcimer
353,italian baroque
354,deep regional mexican
355,brazilian metal
356,chakra
357,classic j-rock
358,stoner rock
359,traprun
360,old-time fiddle
361,azonto
362,icelandic classical
363,german country
364,gbvfi
365,nu skool breaks
366,progressive sludge
367,musica antigua
368,indian electronic
369,gothic americana
370,danish modern jazz
371,early reggae
372,early music
373,tennessee metal
374,dutch punk
375,canadian post-punk
376,nepali pop
377,vintage country folk
378,french folk pop
379,roots rock
380,russian chanson
381,scottish hip hop
382,prepared piano
383,denver rap
384,therapy
385,outsider house
386,euskal indie
387,baton rouge rap
388,st petersburg fl indie
389,piano blues
390,bolivian metal
391,sudanese pop
392,melodic black metal
393,japanese post-hardcore
394,poezja spiewana
395,barbadian pop
396,swedish idol pop
397,classical saxophone quartet
398,irish hip hop
399,bc underground hip hop
400,medieval
401,nwocr
402,swamp pop
403,smooth jazz
404,glitch hop
405,deathcore
406,transpop
407,cowpunk
408,finnish punk
409,rap salvadoreno
410,norwegian alternative rock
411,cape breton folk
412,yoga
413,reggae rock
414,big band
415,backing track
416,brazilian indie
417,traditional folk
418,vallenato
419,deep big room
420,classic moroccan pop
421,future rock
422,charango
423,slamming deathcore
424,rock quebecois
425,andean flute
426,jazz rock
427,deep idm
428,deep southern trap
429,fourth world
430,j-indie
431,dreamo
432,west coast reggae
433,girl group
434,russian jazz
435,pei indie
436,kwaito house
437,fo jing
438,barnmusik
439,lancaster pa indie
440,tango
441,partyschlager
442,latvian hip hop
443,afro dancehall
444,breakcore
445,tipico
446,instrumental post-rock
447,audiophile vocal
448,straight-ahead jazz
449,deep jazz fusion
450,italian gothic
451,nu age
452,corrido
453,african percussion
454,samba
455,finnish hip hop
456,uk alternative hip hop
457,jig and reel
458,panamanian rock
459,pop violin
460,dutch indie rock
461,norwegian rock
462,euskal metal
463,bansuri
464,spanish hip hop
465,swedish indie pop
466,birdsong
467,deep comedy
468,french black metal
469,west virginia metal
470,japanese worship
471,indie cafe pop
472,rva indie
473,acoustic blues
474,crunk
475,brazilian edm
476,jazz organ
477,ghanaian gospel
478,brega
479,denpa-kei
480,norwegian contemporary jazz
481,belarusian pop
482,baroque singing
483,australian americana
484,york indie
485,swedish electropop
486,glam metal
487,baltic choir
488,reunion pop
489,jazz clarinet
490,vancouver indie
491,progressive electro house
492,vocal ensemble
493,early french punk
494,japanese garage rock
495,komedi
496,jazz quartet
497,classical string trio
498,finnish folk
499,danish metal
500,sholawat
501,brutal death metal
502,oi
503,mexican traditional
504,cabaret
505,korean pop
506,kinderchor
507,american choir
508,tech house
509,instrumental soul
510,chillhop
511,french dub
512,scottish folk
513,acoustic punk
514,christian rock
515,indonesian worship
516,native american flute
517,cosmic black metal
518,beninese pop
519,pop argentino
520,british comedy
521,chicano punk
522,rif
523,neoclassical
524,atmosphere
525,taiwan indie
526,gengetone
527,christian dance
528,chamber ensemble
529,israeli hip hop
530,nuevo tango
531,slack-key guitar
532,russian post-rock
533,desi hip hop
534,classical organ
535,japanese disney
536,chinese minyao
537,texas punk
538,r&b brasileiro
539,indie pop
540,deep funk house
541,histoire pour enfants
542,classic canadian rock
543,belarusian indie
544,zouk
545,deep new americana
546,vaqueiro
547,enka
548,harmonica jazz
549,symphonic metal
550,broadway
551,syro-aramaic chant
552,fuji
553,cumbia uruguaya
554,musica valenciana
555,spa
556,italian death metal
557,german indie rock
558,ukhc
559,plunder
560,greek hip hop
561,african rock
562,japanese electronic
563,movie tunes
564,taiwan hip hop
565,serbian folk
566,new french touch
567,nordic soundtrack
568,funky tech house
569,ranchera
570,neo-kraut
571,freak folk
572,afghan pop
573,black metal
574,folklore nuevo argentino
575,chaotic black metal
576,nwobhm
577,swedish choir
578,belgian contemporary classical
579,hardcore
580,south african rock
581,neo r&b
582,olympia wa indie
583,neo-crust
584,j-division
585,kora
586,mongolian hip hop
587,ukrainian rock
588,austrian pop
589,czsk hip hop
590,montreal indie
591,viola caipira
592,truck-driving country
593,japanese alternative rock
594,proto-techno
595,instrumental bluegrass
596,stuttgart indie
597,deep gothic post-punk
598,carnaval
599,ukg revival
600,welsh rock
601,chillstep
602,indie rock
603,country rock
604,minimal melodic techno
605,rebel blues
606,swedish country
607,depressive black metal
608,arkansas indie
609,classical performance
610,swiss techno
611,deep psytrance
612,vlaamse kinderliedje
613,musica canaria
614,video game music
615,emocore
616,deep latin alternative
617,amapiano
618,norwegian black metal
619,vispop
620,colombian electronic
621,albany ny indie
622,terrorcore
623,atmospheric doom
624,latin house
625,carnaval cadiz
626,experimental percussion
627,connecticut indie
628,indian edm
629,historically informed performance
630,shred
631,turkish pop
632,brazilian punk
633,trap espanol
634,vintage italian soundtrack
635,knoxville indie
636,coupe decale
637,denton tx indie
638,japanese chillhop
639,indonesian punk
640,dutch disney
641,rap maroc
642,japanese power metal
643,australian children's music
644,venezuelan hip hop
645,hampton roads indie
646,rumba catalana
647,drift
648,bard
649,maskandi
650,aggrotech
651,techno kayo
652,rap algerien
653,alternative metal
654,japanese post-punk
655,electrofox
656,perreo
657,ghoststep
658,louisiana metal
659,colombian rock
660,south african jazz
661,tecnobrega
662,contemporary classical piano
663,dark jazz
664,alternative country
665,mollywood
666,freestyle
667,techno
668,grupera
669,palestinian pop
670,spanish pop rock
671,modern southern rock
672,uk post-punk
673,historic classical performance
674,gospel rap
675,scottish americana
676,progressive jazz fusion
677,coventry indie
678,brazilian reggae
679,new isolationism
680,irish techno
681,swedish doom metal
682,nyc rap
683,pop nacional
684,italo dance
685,croatian rock
686,japanese prog
687,powwow
688,boston hip hop
689,detroit hip hop
690,baroque
691,nu jazz
692,bow pop
693,swansea indie
694,boston rock
695,latvian pop
696,german punk
697,norwegian singer-songwriter
698,idaho indie
699,violao
700,raw techno
701,progressive deathcore
702,romanian trap
703,baroque pop
704,spanish jazz
705,kizomba
706,sky room
707,merida indie
708,russian folk
709,islamic recitation
710,zouglou
711,uk reggae
712,blues rock
713,cork indie
714,mandopop
715,dutch cabaret
716,danish jazz
717,cyberpunk
718,birmingham metal
719,peruvian punk
720,jangle pop
721,rap metalcore
722,pop folk
723,rabindra sangeet
724,slow core
725,celtic punk
726,filthstep
727,modular techno
728,focus
729,detski pesnichki
730,indie platense
731,swedish americana
732,future funk
733,hardcore punk
734,hong kong hip hop
735,canadian country
736,dark progressive house
737,rockabilly en espanol
738,moroccan pop
739,turkish modern jazz
740,deep r&b
741,hungarian punk
742,dark cabaret
743,rock nacional brasileiro
744,brit funk
745,aberdeen indie
746,swedish folk pop
747,ecuadorian pop
748,new orleans jazz
749,neue volksmusik
750,mambo
751,australian reggae fusion
752,swedish pop
753,djembe
754,makossa
755,nice indie
756,desi pop
757,classic polish pop
758,latintronica
759,uk rockabilly
760,atl trap
761,retro electro
762,dutch americana
763,japanese r&b
764,novelty
765,bolero cubano
766,modern salsa
767,taiwan campus folk
768,kleinkunst
769,philly soul
770,disney portugues brasil
771,praise
772,deep norteno
773,pittsburgh rap
774,house
775,musica sarda
776,icelandic metal
777,vocal harmony group
778,deep latin christian
779,southern metal
780,sydney indie
781,speedcore
782,underground rap
783,mantra
784,american modern classical
785,schweizer rap
786,jazz trumpet
787,dominican indie
788,classic israeli pop
789,comedy rap
790,hmong pop
791,chicago indie
792,folklore argentino
793,circus
794,glasgow indie
795,indonesian hip hop
796,english indie rock
797,mashup
798,devon indie
799,rawstyle
800,swiss worship
801,roots worship
802,indie emo
803,minnesota hip hop
804,italian tech house
805,russian modern classical
806,memphis soul
807,new rave
808,italian pop
809,cryptic black metal
810,corridos cristianos
811,washington indie
812,rap dominicano
813,welsh hip hop
814,italian post-hardcore
815,shimmer pop
816,german stoner rock
817,leeds indie
818,vegas indie
819,brass ensemble
820,healing
821,swedish hardcore
822,kannada bhava geethe
823,colombian hip hop
824,acoustic pop
825,jumpstyle
826,freakbeat
827,thrash core
828,hip pop
829,oceania soundtrack
830,south african hip hop
831,rock gospel brasileiro
832,guatemalan pop
833,modern ska punk
834,shakuhachi
835,salsa puertorriquena
836,yoik
837,ballroom
838,funk evangelico
839,pakistani pop
840,deep filthstep
841,indie valenciana
842,old school thrash
843,canadian electronic
844,uk dancehall
845,icelandic folk
846,country dawn
847,musique guadeloupe
848,liechtenstein
849,j-core
850,san diego rap
851,italian new wave
852,grunge
853,cancion melodica
854,neo-psychedelic
855,australian pop
856,british jazz
857,canadian experimental
858,radio symphony
859,deep smooth jazz
860,western mass indie
861,k-hop
862,kaseko
863,anadolu rock
864,experimental ambient
865,indie garage rock
866,deep house
867,vintage western
868,telugu worship
869,dubsteppe
870,hamburg electronic
871,japanese concert band
872,houston rap
873,pirate
874,indie poptimism
875,oktoberfest
876,slayer
877,bossa nova
878,cambridgeshire indie
879,horrorcore
880,christmas product
881,cantautor catala
882,canadian garage rock
883,reggaeton flow
884,afrobeat
885,nu gaze
886,singaporean mandopop
887,pop
888,electro dub
889,chamame
890,easy listening
891,liedermacher
892,vaudeville
893,aussie drill
894,classic opm
895,bubblegum dance
896,jewish cantorial
897,adoracion
898,bboy
899,delta blues
900,spanish rock
901,nz indie
902,post-hardcore
903,trap queen
904,oshare kei
905,canto popular uruguayo
906,cuatro venezolano
907,uk contemporary jazz
908,small room
909,nu metal
910,sleep
911,toronto rap
912,sinaloa indie
913,modern blues
914,macedonian folk
915,canadian classical
916,nerdcore
917,minneapolis indie
918,trap
919,malaysian hip hop
920,carnaval limburg
921,turkish edm
922,deep tropical house
923,cleveland indie
924,pop house
925,swedish classical
926,austrian jazz
927,mangue bit
928,uk experimental electronic
929,progressive post-hardcore
930,native american
931,gamecore
932,fado
933,sinogaze
934,psybreaks
935,rosary
936,irish rock
937,rap chileno
938,deep swedish rock
939,samoan pop
940,flamenco
941,jazz saxophone
942,grave wave
943,string band
944,uk diy punk
945,san diego indie
946,vintage hollywood
947,electropop
948,greek swing
949,canadian post-rock
950,trap catala
951,steel guitar
952,swiss rock
953,yugoslav new wave
954,german rock
955,indie jazz
956,classic persian pop
957,dreamgaze
958,blaskapelle
959,belgian edm
960,dirty south rap
961,disco
962,free folk
963,polish rock
964,dance-punk
965,neon pop punk
966,classic soul
967,romanian hip hop
968,a cappella
969,jewish a capella
970,american shoegaze
971,lithuanian electronic
972,manitoba country
973,argentine metal
974,nepali indie
975,polish electronica
976,belarusian electronic
977,indie siciliano
978,progressive alternative
979,viol
980,argentine heavy metal
981,melodic thrash
982,sertanejo universitario
983,euro hi-nrg
984,uk garage
985,classic belgian pop
986,danspunk
987,indie folk
988,canadian black metal
989,afro-funk
990,ukrainian indie
991,pop emo
992,nz christian
993,alternative r&b
994,j-pop boy group
995,slavic folk metal
996,baltic folk
997,urban contemporary
998,rock nacional
999,vintage swedish pop
1000,london indie
1001,viral pop
1002,ngoni
1003,serialism
1004,torch song
1005,indonesian edm
1006,ska catala
1007,laiko
1008,trinidadian reggae
1009,g funk
1010,celtic rock
1011,desert blues
1012,technical death metal
1013,ccm
1014,contemporary gospel
1015,celtic
1016,norwegian americana
1017,louisiana blues
1018,binaural
1019,rock alternatif francais
1020,villancicos
1021,west australian hip hop
1022,hamilton on indie
1023,marching band
1024,rock catala
1025,isle of wight indie
1026,australian underground hip hop
1027,korean worship
1028,rap rock
1029,euroska
1030,deep contemporary country
1031,indie deutschrap
1032,bluegrass
1033,pasodobles
1034,dark ambient
1035,malaysian tamil pop
1036,riddim
1037,cifteli
1038,sound effects
1039,russian post-punk
1040,deep chill
1041,musik anak-anak
1042,kc indie
1043,schlager
1044,dungeon synth
1045,christmas instrumental
1046,dutch singer-songwriter
1047,canadian punk
1048,south african choral
1049,malawian pop
1050,danish hip hop
1051,classical clarinet
1052,hip hop
1053,broken beat
1054,midwest americana
1055,canadian ccm
1056,deep melodic euro house
1057,rap metal
1058,west virginia indie
1059,progressive trance house
1060,la pop
1061,turkish metal
1062,electronic rock
1063,trap soul
1064,red dirt
1065,indietronica
1066,hardcore breaks
1067,breakbeat
1068,jazz boom bap
1069,chinese electropop
1070,hamburg hip hop
1071,historic orchestral performance
1072,neue deutsche harte
1073,soundtrack
1074,egyptian traditional
1075,rap cristiano
1076,cool jazz
1077,italian arena pop
1078,ghanaian pop
1079,rock cristiano
1080,japanese pop punk
1081,british country
1082,swiss pop
1083,j-reggae
1084,21st century classical
1085,vintage jazz
1086,nasheed
1087,ritmo kombina
1088,peruvian rock
1089,swedish urban
1090,christlicher rap
1091,slovenian metal
1092,j-pop
1093,rock-and-roll
1094,karneval
1095,paidika tragoudia
1096,dark trap
1097,mexican electronic
1098,uk noise rock
1099,ethio-jazz
1100,irish electronic
1101,brega romantico
1102,black 'n' roll
1103,symphonic rock
1104,french opera
1105,nouvelle chanson francaise
1106,cello
1107,kingston on indie
1108,turkish punk
1109,neo-rockabilly
1110,beach house
1111,austro-german modernism
1112,deep minimal techno
1113,charlotte nc indie
1114,cumbia villera
1115,southern hip hop
1116,frankfurt indie
1117,nightrun
1118,vintage classical singing
1119,deep ccm
1120,tagalog worship
1121,classic venezuelan pop
1122,cumbia santafesina
1123,magyar
1124,ghazal
1125,ska punk
1126,comedy rock
1127,minimal techno
1128,uk contemporary r&b
1129,newcastle nsw indie
1130,german jazz
1131,irish rebel song
1132,christian alternative rock
1133,clawhammer banjo
1134,harpsichord
1135,oriental metal
1136,hiplife
1137,afrikaans
1138,piano mpb
1139,baroque ensemble
1140,east coast hip hop
1141,venezuelan rock
1142,german underground rap
1143,japanese soul
1144,muzika l'yeladim
1145,bedroom pop
1146,austindie
1147,rumba congolaise
1148,american metalcore
1149,mexican post-rock
1150,batida
1151,duluth indie
1152,bergen indie
1153,calming instrumental
1154,graz indie
1155,gypsy punk
1156,duranguense
1157,north carolina emo
1158,scandinavian r&b
1159,balalaika
1160,merengue tipico
1161,deep liquid
1162,anime latino
1163,christian uplift
1164,hokkien pop
1165,sludgecore
1166,kirtan
1167,classic danish pop
1168,florida rap
1169,western saharan folk
1170,colombian indie
1171,skramz
1172,folk
1173,german metalcore
1174,reggaeton
1175,piano rock
1176,orquesta tropical
1177,experimental folk
1178,art rock
1179,substep
1180,indonesian indie rock
1181,ambient psychill
1182,argentine indie
1183,ambient worship
1184,german electronica
1185,german blues
1186,german punk rock
1187,polish classical
1188,polish death metal
1189,hard stoner rock
1190,ecuadorian indie
1191,tucson indie
1192,vlaamse cabaret
1193,classify
1194,neo-trad doom metal
1195,disco house
1196,welsh indie
1197,swedish tropical house
1198,queercore
1199,turkish alternative rock
1200,folk brasileiro
1201,progressive uplifting trance
1202,gothic symphonic metal
1203,spanish folk
1204,canadian comedy
1205,chinese hip hop
1206,anthem worship
1207,canadian soundtrack
1208,scottish fiddle
1209,tone
1210,experimental
1211,gothic post-punk
1212,jazz trombone
1213,japanese psychedelic
1214,asbury park indie
1215,malaysian mandopop
1216,deep tech house
1217,mexican pop
1218,screamocore
1219,baltic classical
1220,kiwi rock
1221,colombian black metal
1222,hawaiian
1223,alberta country
1224,gothabilly
1225,italian post punk
1226,bajki
1227,rhythm and blues
1228,classic italian folk pop
1229,indonesian post-hardcore
1230,baithak gana
1231,grindcore
1232,judaica
1233,korean classical performance
1234,hungarian rock
1235,basshall
1236,ambient idm
1237,uk americana
1238,japanese new wave
1239,hardstyle
1240,underground latin hip hop
1241,rock kapak
1242,slovak pop
1243,albanian pop
1244,euskal rock
1245,brazilian death metal
1246,instrumental progressive metal
1247,polish underground hip hop
1248,electroclash
1249,dutch trap
1250,nu-metalcore
1251,opm
1252,canadian psychedelic
1253,pinoy r&b
1254,lexington ky indie
1255,dutch experimental
1256,ambient black metal
1257,wind quintet
1258,power pop
1259,fort worth indie
1260,irish classical
1261,symphonic power metal
1262,australian country
1263,copla
1264,sertanejo tradicional
1265,folk punk
1266,essex indie
1267,arkansas country
1268,turkish psych
1269,kelowna bc indie
1270,unblack metal
1271,experimental jazz
1272,bible
1273,sambass
1274,son cubano
1275,neurofunk
1276,azeri pop
1277,carnatic vocal
1278,ska mexicano
1279,power thrash
1280,rap conscient
1281,russian dance
1282,ghent indie
1283,deep dance pop
1284,gaita zuliana
1285,classical contralto
1286,swedish post-hardcore
1287,persian traditional
1288,oakland indie
1289,japanese vocal jazz
1290,big room
1291,rare groove
1292,family gospel
1293,polish metal
1294,zim urban groove
1295,nintendocore
1296,indonesian metal
1297,brooklyn indie
1298,world worship
1299,lovecraftian metal
1300,jazz piano
1301,deep pop edm
1302,traditional country
1303,champeta
1304,trio huasteco
1305,navajo
1306,orlando indie
1307,nordic folk
1308,rock alternativo espanol
1309,comedienne
1310,rock en asturiano
1311,instrumental funk
1312,chill guitar
1313,jugendchor
1314,drone metal
1315,uk drill
1316,classical mezzo-soprano
1317,chihuahua indie
1318,musica ayacuchana
1319,rap sardegna
1320,memphis hip hop
1321,spiritual jazz
1322,comedy
1323,musica occitana
1324,r&b argentino
1325,forest psy
1326,english renaissance
1327,emo
1328,polish black metal
1329,southern rock
1330,modern country rock
1331,brazilian post-hardcore
1332,antiviral pop
1333,baile pop
1334,experimental indie
1335,covertrance
1336,classic iskelma
1337,scottish rock
1338,sarod
1339,newcastle indie
1340,lds
1341,swedish trap
1342,vapor soul
1343,orgcore
1344,southern americana
1345,alternative pop
1346,iskelma
1347,pornogrind
1348,russian rock
1349,brisbane indie
1350,salsa peruana
1351,baja indie
1352,punk catala
1353,bhangra
1354,mahraganat
1355,deep discofox
1356,papuri
1357,cyber metal
1358,technical thrash
1359,magyar alternative
1360,kurdish folk
1361,shamisen
1362,halifax indie
1363,classic schlager
1364,el paso indie
1365,flamenco guitar
1366,surf music
1367,contrabass
1368,italian black metal
1369,deep new wave
1370,veracruz indie
1371,country road
1372,black sludge
1373,russian electronic
1374,american romanticism
1375,bachata
1376,turkish classical
1377,axe
1378,classical bass
1379,cape town indie
1380,boy band
1381,austropop
1382,batak
1383,swedish prog
1384,nz metal
1385,edmonton indie
1386,azeri traditional
1387,anime
1388,modern progressive rock
1389,reading
1390,sleaze rock
1391,vintage chinese pop
1392,psychedelic folk
1393,sacramento indie
1394,french techno
1395,pop reggaeton
1396,classical horn
1397,epic doom
1398,post-punk argentina
1399,black death
1400,cuarteto
1401,nueva ola chilena
1402,experimental vocal
1403,hard glam
1404,deathstep
1405,otacore
1406,latin classical
1407,glam punk
1408,asmr
1409,west coast trap
1410,deep soul house
1411,faroese indie
1412,japanese indie folk
1413,uk post-punk revival
1414,london rap
1415,brazilian techno
1416,estonian pop
1417,vancouver metal
1418,brighton indie
1419,polish punk
1420,elektropunk
1421,edinburgh indie
1422,british modern classical
1423,wind ensemble
1424,traditional british folk
1425,electronica cristiana
1426,entehno
1427,french movie tunes
1428,traditional ska
1429,czech pop
1430,art pop
1431,newfoundland indie
1432,rosario indie
1433,icelandic hip hop
1434,adelaide indie
1435,indie curitibano
1436,indonesian pop punk
1437,jacksonville indie
1438,jazz funk
1439,philly indie
1440,etherpop
1441,scratch
1442,german post-rock
1443,jug band
1444,black noise
1445,bassline
1446,wyoming indie
1447,bass music
1448,dutch black metal
1449,bongo flava
1450,galician rock
1451,cumbia ranchera
1452,japanese punk rock
1453,italian metal
1454,german thrash metal
1455,modern bollywood
1456,show tunes
1457,brass band
1458,folklore venezolano
1459,language
1460,children's choir
1461,gothic metal
1462,c86
1463,irish banjo
1464,finnish edm
1465,san antonio indie
1466,scottish singer-songwriter
1467,slovak hip hop
1468,k-indie
1469,garage psych
1470,pinoy rock
1471,purple sound
1472,quebec death metal
1473,modular synth
1474,dangdut
1475,socal pop punk
1476,folk rock italiano
1477,experimental synth
1478,salsa venezolana
1479,dutch hip hop
1480,instrumental acoustic guitar
1481,ska espanol
1482,german reggae
1483,tex-mex
1484,old school dancehall
1485,deep metalcore
1486,british math rock
1487,harp
1488,deep freestyle
1489,street band
1490,classical tenor
1491,nottingham indie
1492,cumbia surena
1493,birmingham grime
1494,german indie pop
1495,kazakh pop
1496,swiss indie folk
1497,lounge
1498,belo horizonte indie
1499,j-dance
1500,nuevo folklore argentino
1501,trap mexicano
1502,rap antillais
1503,full on
1504,future garage
1505,p funk
1506,jazztronica
1507,french worship
1508,jam band
1509,vietnamese hip hop
1510,brazilian modern jazz
1511,parody
1512,dutch death metal
1513,digital hardcore
1514,electro swing
1515,space rock
1516,ska
1517,spanish electropop
1518,deep eurodance
1519,contemporary country
1520,classic afrobeat
1521,post-metal
1522,death 'n' roll
1523,new wave
1524,progressive rock
1525,polish indie
1526,melancholia
1527,omaha indie
1528,vbs
1529,swedish death metal
1530,polish reggae
1531,brazilian stoner rock
1532,traditional english folk
1533,ukrainian hip hop
1534,ambient house
1535,afropop
1536,rap napoletano
1537,chinese metal
1538,armenian pop
1539,k-rock
1540,deep dnb
1541,kent indie
1542,indonesian indie pop
1543,german alternative rock
1544,wonky
1545,country boogie
1546,stomp and holler
1547,indie electronica
1548,japanese dream pop
1549,atmospheric post-rock
1550,heavy alternative
1551,sevillanas
1552,nz folk
1553,finnish electronic
1554,cha-cha-cha
1555,mariachi cristiano
1556,uzbek pop
1557,nica
1558,lullaby
1559,rap montrealais
1560,english baroque
1561,swedish electronic
1562,alabama rap
1563,oratory
1564,aggro chileno
1565,deathgrind
1566,alt-idol
1567,space age pop
1568,uk stoner rock
1569,piedmont blues
1570,danish singer-songwriter
1571,math rock latinoamericano
1572,rumba
1573,classic russian rock
1574,kenyan pop
1575,norwegian pop
1576,anime rock
1577,rock caipira
1578,thai folk pop
1579,ebm
1580,didgeridoo
1581,uk house
1582,musica para ninos
1583,australian metalcore
1584,musique touareg
1585,hands up
1586,orchestral performance
1587,southern gospel
1588,gospel r&b
1589,canadian latin
1590,cuban rumba
1591,crack rock steady
1592,belgian modern jazz
1593,experimental pop
1594,new beat
1595,voidgaze
1596,trance
1597,hungarian pop
1598,deathgrass
1599,abstract
1600,afrobeat brasileiro
1601,drumfunk
1602,soca
1603,victoria bc indie
1604,latin hip hop
1605,battle rap
1606,marimba de guatemala
1607,folklore ecuatoriano
1608,persian hip hop
1609,j-punk
1610,german literature
1611,emo punk
1612,icelandic rock
1613,ugandan pop
1614,christian trap
1615,reggaeton chileno
1616,irish ballad
1617,christian metal
1618,beats
1619,swedish reggae
1620,singaporean singer-songwriter
1621,bay area indie
1622,avant-garde black metal
1623,children's music
1624,british folk
1625,karaoke
1626,indie r&b
1627,australian rock
1628,classic french pop
1629,street punk espanol
1630,romanian folk
1631,jovem guarda
1632,peruvian indie
1633,cosmic american
1634,israeli mediterranean
1635,baptist gospel
1636,jump up
1637,classic portuguese pop
1638,kentucky indie
1639,buffalo ny metal
1640,rap galego
1641,reggae en espanol
1642,vocaloid
1643,metal
1644,rock alternativo brasileiro
1645,acid trance
1646,tropical
1647,japanese electropop
1648,brazilian soul
1649,baroque violin
1650,north carolina indie
1651,ukrainian choir
1652,volkstumliche musik
1653,new tribe
1654,gnawa
1655,swing italiano
1656,exotica
1657,turin indie
1658,folkmusik
1659,irish indie
1660,nwothm
1661,argentine telepop
1662,italian techno
1663,alternative pop rock
1664,anime score
1665,harlem hip hop
1666,norwegian indie
1667,classical baritone
1668,okc indie
1669,zapstep
1670,historic piano performance
1671,portuguese metal
1672,neo-proto
1673,deep rai
1674,french reggae
1675,vancouver punk
1676,german dark minimal techno
1677,virginia indie
1678,uk dnb
1679,indie singer-songwriter
1680,michigan folk
1681,catstep
1682,k-pop girl group
1683,qawwali
1684,chamber orchestra
1685,lesen
1686,sufi
1687,mexican pop punk
1688,bay area hip hop
1689,dusseldorf electronic
1690,uk funky
1691,british black metal
1692,irish country
1693,musikkorps
1694,funk
1695,outer hip hop
1696,french baroque
1697,arab folk
1698,arab trap
1699,australian alternative pop
1700,nitzhonot
1701,soul
1702,japanese death metal
1703,sci-fi metal
1704,jazz vibraphone
1705,dutch house
1706,swedish underground rap
1707,indonesian pop
1708,portuguese folk
1709,dutch contemporary classical
1710,usbm
1711,shibuya-kei
1712,canadian post-hardcore
1713,kindie rock
1714,action rock
1715,motown
1716,japanese choir
1717,miami bass
1718,west-vlaamse hip hop
1719,forro tradicional
1720,finnish jazz
1721,estonian hip hop
1722,tejano
1723,gymcore
1724,trival
1725,kawaii edm
1726,world meditation
1727,italian punk
1728,death industrial
1729,latincore
1730,alternative emo
1731,world
1732,waiata maori
1733,dream trance
1734,latin rock
1735,deep euro house
1736,chamber pop
1737,chaotic hardcore
1738,old school uk hip hop
1739,new age piano
1740,estonian rock
1741,uk dub
1742,german shoegaze
1743,melbourne bounce
1744,industrial black metal
1745,musica prehispanica
1746,psychedelic folk rock
1747,zen
1748,martial industrial
1749,cape verdean folk
1750,oklahoma country
1751,oberkrainer
1752,chamber choir
1753,australian comedy
1754,classical era
1755,psychokore
1756,classic swedish pop
1757,christelijk
1758,jazz rap
1759,rock tico
1760,instrumental surf
1761,german baroque
1762,rock
1763,classic psychedelic rock
1764,sound
1765,turkish alternative
1766,zolo
1767,maine indie
1768,australian post-punk
1769,breton folk
1770,deep progressive house
1771,kabarett
1772,spanish invasion
1773,brazilian composition
1774,singing bowl
1775,industrial
1776,rock catracho
1777,berlin minimal techno
1778,cante flamenco
1779,world fusion
1780,belgian rock
1781,boston indie
1782,alaska indie
1783,nueva cancion
1784,australian blues
1785,chillwave
1786,australian house
1787,icelandic experimental
1788,rio grande do sul indie
1789,ann arbor indie
1790,east coast reggae
1791,deep vocal house
1792,austrian choir
1793,thai pop
1794,water
1795,classical soprano
1796,proto-rap
1797,brazilian percussion
1798,benga
1799,british soundtrack
1800,manchester indie
1801,anthem emo
1802,dansktop
1803,psychedelic blues-rock
1804,chinese electronic
1805,oriental classical
1806,rave
1807,mellow gold
1808,blackgaze
1809,pinoy indie
1810,australian metal
1811,dirty texas rap
1812,experimental house
1813,indie rockism
1814,neo metal
1815,classic pakistani pop
1816,lithuanian folk
1817,american post-rock
1818,german pop
1819,hyperpop
1820,new hampshire indie
1821,phoenix indie
1822,late romantic era
1823,japanese jazz
1824,instrumental grime
1825,brain waves
1826,alternative roots rock
1827,scottish indie folk
1828,mestissatge
1829,erhu
1830,house argentino
1831,russian pop
1832,pop punk
1833,melodic hard rock
1834,pinoy alternative rap
1835,old school nederhop
1836,geek folk
1837,turntablism
1838,diva house
1839,thai idol
1840,avant-garde jazz
1841,victorian britain
1842,japanese post-rock
1843,popping
1844,dark wave
1845,new jack swing
1846,screamo
1847,groove metal
1848,sardinia indie
1849,dayton indie
1850,boom bap
1851,danish electropop
1852,gabba
1853,ukrainian metal
1854,panpipe
1855,italian reggae
1856,slovak electronic
1857,highlife
1858,speed metal
1859,texas country
1860,bouncy house
1861,cook islands pop
1862,country rap
1863,mallet
1864,uk beatdown
1865,jamgrass
1866,cartoon
1867,children's story
1868,polish modern jazz
1869,alpine yodeling
1870,leipzig electronic
1871,classic finnish rock
1872,uwielbienie
1873,concert band
1874,classical piano
1875,irish pub song
1876,eurobeat
1877,deep ragga
1878,christian deathcore
1879,minneapolis sound
1880,italian folk
1881,workout product
1882,bath indie
1883,musique pour enfants
1884,pop quebecois
1885,horror punk
1886,orthodox chant
1887,liquid funk
1888,country quebecois
1889,mongolian folk
1890,tin pan alley
1891,lds youth
1892,british experimental
1893,thai hip hop
1894,memphis blues
1895,orchestra
1896,nyc pop
1897,argentine hardcore
1898,jazz catala
1899,eritrean pop
1900,manitoba indie
1901,brega funk
1902,chilean indie
1903,rio de la plata
1904,brazilian punk rock
1905,jewish hip hop
1906,sheffield indie
1907,jazz cubano
1908,taiwan singer-songwriter
1909,south african pop
1910,pittsburgh indie
1911,french punk
1912,alternative americana
1913,australian trap
1914,finnish black metal
1915,guinean pop
1916,sami
1917,edm
1918,chinese traditional
1919,mod revival
1920,mexican rock-and-roll
1921,nz pop
1922,dronescape
1923,cymraeg
1924,triangle indie
1925,russian romanticism
1926,belly dance
1927,hauntology
1928,san marcos tx indie
1929,bandinhas
1930,dhrupad
1931,puerto rican pop
1932,swedish synthpop
1933,hollywood
1934,deep pop r&b
1935,sevdah
1936,grime
1937,musique mandingue
1938,soukous
1939,electro
1940,chicago house
1941,meme rap
1942,turbo folk
1943,military cadence
1944,new jersey indie
1945,turkish rock
1946,canadian metalcore
1947,folklore peruano
1948,portland indie
1949,arab alternative
1950,polish pop
1951,medway sound
1952,shoegaze
1953,modern performance
1954,hungarian metal
1955,african reggae
1956,south african punk
1957,isle of man indie
1958,disco polo
1959,power-pop punk
1960,german house
1961,progressive trance
1962,modern power pop
1963,pop chileno
1964,swedish metalcore
1965,london on indie
1966,musica infantil
1967,hungarian contemporary classical
1968,death metal
1969,pinoy praise
1970,environmental
1971,hard bop
1972,melbourne bounce international
1973,surinamese pop
1974,cancion infantil mexicana
1975,spanish folk metal
1976,polish folk
1977,uk pop
1978,east anglia indie
1979,tzadik
1980,background music
1981,cubaton
1982,detroit trap
1983,fluxwork
1984,vaporwave
1985,canadian house
1986,chalga
1987,scottish indie
1988,alternative ccm
1989,popgaze
1990,swiss metal
1991,japanese rockabilly
1992,idol
1993,dutch tech house
1994,atmospheric dnb
1995,munich electronic
1996,queens hip hop
1997,metropopolis
1998,slash punk
1999,italian underground hip hop
2000,one-person band
2001,electro latino
2002,spanish classical
2003,melodic deathcore
2004,crust punk
2005,dutch edm
2006,sung poetry
2007,rock steady
2008,pop rap
2009,russian contemporary classical
2010,bossa nova jazz
2011,hi-nrg
2012,hindustani vocal
2013,balkan brass
2014,uk doom metal
2015,experimental rock
2016,russian hip hop
2017,early music choir
2018,ambient fusion
2019,stl indie
2020,bosnian electronic
2021,malaysian pop
2022,minimalism
2023,finnish doom metal
2024,neurostep
2025,downtempo
2026,guidance
2027,russian gangster rap
2028,jazz venezolano
2029,deep adult standards
2030,dublin indie
2031,hard rock brasileiro
2032,irish neo-traditional
2033,lancashire indie
2034,korean r&b
2035,circuit
2036,classic nz pop
2037,free jazz
2038,comic
2039,burkinabe pop
2040,classical accordion
2041,guam indie
2042,lo-fi chill
2043,nephop
2044,scottish indie rock
2045,deep disco house
2046,speed garage
2047,austrian hip hop
2048,medieval ensemble
2049,boston punk
2050,oxford indie
2051,japanese shoegaze
2052,jazz blues
2053,norwegian experimental
2054,rap euskera
2055,indian rock
2056,metal gotico
2057,melodic techno
2058,neo-classical
2059,carnatic
2060,outsider
2061,french metal
2062,rai
2063,hong kong indie
2064,cologne indie
2065,ninja
2066,trap latino
2067,fake
2068,norwegian pop rap
2069,braindance
2070,bmore
2071,melodic power metal
2072,french hip hop
2073,sitar
2074,ottawa indie
2075,northamptonshire indie
2076,quiet storm
2077,folclor colombiano
2078,memphis indie
2079,bronx hip hop
2080,deep german punk
2081,vocal trance
2082,indie extremena
2083,post-grunge
2084,deep ambient
2085,bass house
2086,organic electronic
2087,swedish metal
2088,hawaiian hip hop
2089,indie pop rap
2090,lovers rock
2091,khaliji
2092,afrofuturismo brasileiro
2093,lounge house
2094,lldm
2095,indie game soundtrack
2096,israeli rock
2097,algerian folk
2098,drill
2099,hawaiian indie
2100,belgian hip hop
2101,turkish hip hop
2102,kwaito
2103,halloween
2104,joropo
2105,swiss hip hop
2106,french jazz
2107,indie soul
2108,classical piano duo
2109,acoustic chill
2110,zydeco
2111,canadian psychedelic rock
2112,geek rock
2113,neue deutsche todeskunst
2114,dark techno
2115,virginia metal
2116,okinawan folk
2117,early music ensemble
2118,commons
2119,reggae mexicano
2120,kawaii future bass
2121,jazz violin
2122,trova
2123,german hard rock
2124,dark post-punk
2125,hard rock
2126,gospel singers
2127,chinderlieder
2128,australian dance
2129,progressive black metal
2130,marimba orquesta
2131,swedish eurodance
2132,latin arena pop
2133,ghanaian hip hop
2134,experimental electronic
2135,athens indie
2136,finnish death metal
2137,arab pop
2138,mathcore
2139,west end
2140,classic turkish pop
2141,uk worship
2142,danish alternative rock
2143,manso indie
2144,suomi rock
2145,music box
2146,dabke
2147,albuquerque indie
2148,german indie
2149,dance pop
2150,blackened crust
2151,rajasthani pop
2152,classic praise
2153,deep brazilian pop
2154,rap feminino nacional
2155,goregrind
2156,canadian contemporary country
2157,norsk lovsang
2158,scandipop
2159,rap uruguayo
2160,australian indie folk
2161,grimewave
2162,bubblegum pop
2163,charanga
2164,charlottesville indie
2165,australian r&b
2166,neotango
2167,deep german hip hop
2168,bohemian baroque
2169,gospel blues
2170,norwegian punk rock
2171,dub
2172,german soundtrack
2173,progressive technical death metal
2174,euphoric hardstyle
2175,lgbtq+ hip hop
2176,palm desert scene
2177,rap cristao
2178,brazilian ska
2179,french rock
2180,guadalajara indie
2181,faroese pop
2182,shiver pop
2183,contemporary post-bop
2184,swiss house
2185,ok indie
2186,irish singer-songwriter
2187,nightcore
2188,spacewave
2189,trap italiana
2190,puerto rican rock
2191,welsh metal
2192,complextro
2193,abstract hip hop
2194,canadian hardcore
2195,stoner metal
2196,jawaiian
2197,roots americana
2198,social media pop
2199,estonian metal
2200,classical oboe
2201,portuguese pop
2202,psych gaze
2203,noise rock
2204,vegan straight edge
2205,sefardi
2206,seattle indie
2207,latino comedy
2208,deep groove house
2209,moog
2210,outlaw country
2211,indie anthem-folk
2212,velha guarda
2213,canberra indie
2214,chant religieux
2215,irish contemporary classical
2216,shamanic
2217,channel islands indie
2218,deep deep house
2219,redneck
2220,turkish singer-songwriter
2221,old school hip hop
2222,mainland chinese pop
2223,classical cello
2224,cincinnati indie
2225,bolero
2226,classical
2227,arab electronic
2228,indonesian idol pop
2229,musica popular amazonense
2230,chutney
2231,leicester indie
2232,hard alternative
2233,funk carioca
2234,denver indie
2235,vintage radio show
2236,vermont indie
2237,canadian indie
2238,ye ye
2239,tassie indie
2240,utah indie
2241,chamber psych
2242,classic arab pop
2243,folk-pop
2244,bristol indie
2245,neo soul-jazz
2246,musique pour enfant quebecois
2247,canadian indigenous
2248,ryukyu ongaku
2249,washboard
2250,new comedy
2251,malaysian indie
2252,pittsburgh rock
2253,classical countertenor
2254,folk metal
2255,progressive breaks
2256,sevilla indie
2257,instrumental math rock
2258,serbian electronic
2259,v-pop
2260,glitch
2261,chinese classical performance
2262,pop peruano
2263,renaissance
2264,italian indie pop
2265,classic rock
2266,musiikkia lapsille
2267,acid house
2268,bubble trance
2269,french shoegaze
2270,afro house
2271,solipsynthm
2272,contemporary classical
2273,alternative hip hop
2274,jazz drums
2275,darkstep
2276,brazilian house
2277,remix product
2278,viral trap
2279,dixieland
2280,manchester hip hop
2281,norwegian space disco
2282,australian psych
2283,japanese indie rock
2284,electric blues
2285,post-minimalism
2286,thai indie pop
2287,modern rock
2288,vietnamese pop
2289,persian alternative
2290,celtic harp
2291,soft rock
2292,norteno-sax
2293,alternative rock
2294,reggae fusion
2295,uk metalcore
2296,british contemporary classical
2297,electroacoustic improvisation
2298,australian alternative rock
2299,banda
2300,deep cumbia sonidera
2301,rap marseille
2302,vocal jazz
2303,pinoy reggae
2304,latin jazz
2305,ballet class
2306,canadian contemporary r&b
2307,classic peruvian pop
2308,easycore
2309,nl folk
2310,operatic pop
2311,british indie rock
2312,jamtronica
2313,merengue
2314,vintage french electronic
2315,japanese soundtrack
2316,blues latinoamericano
2317,deep happy hardcore
2318,shimmer psych
2319,electro trash
2320,neo-singer-songwriter
2321,sound team
2322,japanese classical
2323,dutch metal
2324,idol rock
2325,west yorkshire indie
2326,atmospheric black metal
2327,stride
2328,swedish gangsta rap
2329,electronica
2330,finnish classical
2331,dutch urban
2332,italian hip hop
2333,post-black metal
2334,icelandic indie
2335,finnish indie
2336,rap
2337,miami metal
2338,shanty
2339,african gospel
2340,classic cantopop
2341,deep turkish pop
2342,dance rock
2343,deep acoustic pop
2344,modern blues rock
2345,tallava
2346,classic australian country
2347,cumbia andina mexicana
2348,edinburgh metal
2349,brazilian boogie
2350,norwegian choir
2351,trancecore
2352,melodipop
2353,eurovision
2354,tamil hip hop
2355,epicore
2356,beatdown
2357,singaporean pop
2358,electro bailando
2359,miami hip hop
2360,post-doom metal
2361,new wave of thrash metal
2362,gainesville indie
2363,bedroom soul
2364,estonian electronic
2365,finnish dance pop
2366,funk metal
2367,nova canco
2368,jungle
2369,classic progressive house
2370,post-punk mexicano
2371,rock gotico
2372,j-metal
2373,croatian electronic
2374,nigerian hip hop
2375,german worship
2376,french indietronica
2377,deep indie singer-songwriter
2378,tamil pop
2379,cuban alternative
2380,canadian singer-songwriter
2381,deep power-pop punk
2382,cumbia sonidera
2383,indian folk
2384,nordic contemporary classical
2385,slow game
2386,chinese jazz
2387,southampton indie
2388,modern folk rock
2389,thai rock
2390,hula
2391,underground hip hop
2392,vapor pop
2393,american 21st century classical
2394,432hz
2395,doom metal
2396,viola
2397,dancehall
2398,russian dance pop
2399,neo-traditional country
2400,hard chime
2401,chinese idol pop
2402,wisconsin indie
2403,japanese ska
2404,deep soundtrack
2405,final fantasy
2406,funk ostentacao
2407,europop
2408,roots reggae
2409,lo-fi house
2410,beatboxing
2411,okinawan pop
2412,bleep techno
2413,witch house
2414,japanese heavy metal
2415,burmese pop
2416,emo rap
2417,birmingham indie
2418,jazz double bass
2419,faroese rock
2420,trondheim indie
2421,houston indie
2422,persian pop
2423,paraguayan rock
2424,e6fi
2425,pony
2426,brostep
2427,pub rock
2428,deathrock
2429,wu fam
2430,dutch folk
2431,japanese emo
2432,futurepop
2433,quatuor a cordes
2434,bebop
2435,bayerischer rap
2436,ska argentino
2437,jazz harp
2438,straight edge
2439,italian opera
2440,canadian pop punk
2441,ilahiler
2442,ambient industrial
2443,salsa
2444,la indie
2445,iowa indie
2446,deep talent show
2447,canadian children's music
2448,darksynth
2449,detroit house
2450,permanent wave
2451,northern soul
2452,rap catalan
2453,indie viet
2454,romantico
2455,monastic
2456,indonesian rock
2457,rap calme
2458,uk dance
2459,south african metal
2460,manila sound
2461,strut
2462,gangster rap
2463,indie folk argentino
2464,new orleans funk
2465,cantautor
2466,sundanese traditional
2467,nashville sound
2468,yugoslav rock
2469,indie cordoba
2470,west african jazz
2471,west coast rap
2472,abstract beats
2473,arab groove
2474,indiecoustica
2475,nueva trova chilena
2476,popwave
2477,folklore chileno
2478,viking folk
2479,teen pop
2480,anthem
2481,ny roots
2482,aussietronica
2483,christchurch indie
2484,german trap
2485,psychobilly
2486,irish pop
2487,new orleans indie
2488,alabama indie
2489,korean trap
2490,gospel
2491,limerick indie
2492,dundee indie
2493,drone
2494,british brass band
2495,british dance band
2496,brutal deathcore
2497,adventista
2498,soul blues
2499,indonesian psychedelia
2500,atmospheric sludge
2501,electro-industrial
2502,hip hop tuga
2503,german opera
2504,garage punk
2505,anti-folk
2506,classic russian pop
2507,musica de pernambuco
2508,neofolk
2509,madchester
2510,j-ambient
2511,australian hip hop
2512,italian electronica
2513,hindi hip hop
2514,native american spiritual
2515,psychedelic trance
2516,kolsche karneval
2517,thai indie rock
2518,j-pixie
2519,brazilian hip hop
2520,k-pop boy group
2521,dutch rock
2522,louvor
2523,swedish punk
2524,japanese metalcore
2525,musica mallorquina
2526,heartland rock
2527,warrington indie
2528,pop rock
2529,egyptian hip hop
2530,modern jazz piano
2531,gypsy jazz
2532,melodic dubstep
2533,slovenian electronic
2534,dub techno
2535,springfield mo indie
2536,carnatic instrumental
2537,rock chapin
2538,zim hip hop
2539,spoken word
2540,kurdish pop
2541,musica calabrese
2542,german hip hop
2543,umbanda
2544,filter house
2545,sertanejo gospel
2546,harmonica blues
2547,italian soundtrack
2548,anglican liturgy
2549,cameroonian pop
2550,nordic post-rock
2551,old-time
2552,argentine indie rock
2553,thai folk
2554,milwaukee indie
2555,italian progressive rock
2556,historical keyboard
2557,synth punk
2558,conscious hip hop
2559,world chill
2560,taiwan pop
2561,bulgarian pop
2562,chicago drill
2563,japanese psychedelic rock
2564,pop flamenco
2565,viking metal
2566,second line
2567,japanese math rock
2568,rap metal espanol
2569,caracas indie
2570,ukulele
2571,ambeat
2572,modern alternative rock
2573,midwest emo
2574,scottish electronic
2575,deep disco
2576,tabla
2577,lilith
2578,chaabi algerien
2579,modern electroacoustic
2580,fidget house
2581,metal catala
2582,country blues
2583,underground power pop
2584,throat singing
2585,footwork
2586,blues
2587,metalcore
2588,ostrock
2589,polynesian pop
2590,neo-industrial rock
2591,twee pop
2592,vintage old-time
2593,norwegian prog
2594,chilean metal
2595,country gospel
2596,technical black metal
2597,portuguese rock
2598,swedish black metal
2599,modern hard rock
2600,singer-songwriter
2601,musique peule
2602,light music
2603,riot grrrl
2604,concepcion indie
2605,kodomo no ongaku
2606,japanese vgm
2607,musica de fondo
2608,bass trip
2609,chinese post-rock
2610,brazilian rock
2611,austrian techno
2612,melbourne indie
2613,muziek voor kinderen
2614,indonesian jazz
2615,rochester ny indie
2616,chicago hardcore
2617,christian hip hop
2618,melodic rap
2619,white noise
2620,deep soft rock
2621,stomp pop
2622,spanish indie pop
2623,levenslied
2624,industrial rock
2625,balfolk
2626,tijuana electronic
2627,choral
2628,modern jazz trio
2629,bounce
2630,j-rap
2631,welsh folk
2632,orquestas de galicia
2633,nova mpb
2634,swedish singer-songwriter
2635,grunge pop
2636,granada indie
2637,slam poetry
2638,swedish hip hop
2639,pop edm
2640,hip house
2641,argentine punk
2642,indie dream pop
2643,hindustani classical
2644,norwegian doom metal
2645,fremantle indie
2646,disney
2647,russian techno
2648,guaracha
2649,hardvapour
2650,arabic jazz
2651,japanese singer-songwriter
2652,classic greek pop
2653,swamp blues
2654,pilates
2655,malmo indie
2656,chiptune
2657,big beat
2658,japanese folk
2659,ethiopian pop
2660,galante era
2661,musique comorienne
2662,sandalwood
2663,dark disco
2664,german indie folk
2665,catalan folk
2666,virginia punk
2667,indian jazz
2668,montana indie
2669,escape room
2670,samba-enredo
2671,banda caliente
2672,forro
2673,chicha
2674,icelandic electronic
2675,timba
2676,j-rock
2677,deep melodic hard rock
2678,puerto rican folk
2679,german alternative rap
2680,metallic hardcore
2681,texas blues
2682,deep folk metal
2683,boston hardcore
2684,dutch drill
2685,drill and bass
2686,norwegian metal
2687,avant-garde
2688,swedish stoner rock
2689,windsor on indie
2690,variete francaise
2691,classical percussion
2692,dark electro
2693,australian indie rock
2694,indian indie
2695,spanish modern rock
2696,classic colombian pop
2697,indie cantabria
2698,british singer-songwriter
2699,norwegian classical
2700,canzone napoletana
2701,italian alternative
2702,portuguese indie rock
2703,ohio indie
2704,twoubadou
2705,ethnotronica
2706,south african alternative
2707,indie liguria
2708,symphonic black metal
2709,gothic rock
2710,danish electronic
2711,jazz orchestra
2712,cumbia salvadorena
2713,candy pop
2714,winnipeg hip hop
2715,vapor house
2716,son cubano clasico
2717,gothenburg metal
2718,danish choir
2719,hip hop galsen
2720,brazilian emo
2721,operetta
2722,vietnamese bolero
2723,mundart
2724,salzburg indie
2725,nz singer-songwriter
2726,new jersey punk
2727,brazilian psychedelic
2728,industrial techno
2729,russian punk
2730,birmingham hip hop
2731,manele
2732,indie psych-pop
2733,uae indie
2734,middle earth
2735,kindermusik
2736,afro psych
2737,swiss trap
2738,japanese classical performance
2739,cumbia chilena
2740,space ambient
2741,folclor afrocolombiano
2742,northern irish indie
2743,cumbia
2744,phonk
2745,greek rock
2746,israeli pop
2747,indonesian folk
2748,cinematic dubstep
2749,experimental hip hop
2750,country
2751,tribal house
2752,deep underground hip hop
2753,asheville indie
2754,britpop
2755,math pop
2756,kayokyoku
2757,post-post-hardcore
2758,rap francais
2759,malian blues
2760,australian indigenous
2761,bitpop
2762,new weird america
2763,electropowerpop
2764,punk
2765,alternative dance
2766,norteno
2767,belgian indie
2768,experimental bass
2769,scorecore
2770,bandoneon
2771,album rock
2772,irish indie rock
2773,turkish trap pop
2774,italo house
2775,lute
2776,thall
2777,dutch prog
2778,spanish prog
2779,buffalo ny indie
2780,cali rap
2781,greek contemporary classical
2782,spanish reggae
2783,sludge metal
2784,dutch r&b
2785,future house
2786,latin soundtrack
2787,lawrence ks indie
2788,string orchestra
2789,dallas indie
2790,hip hop quebecois
2791,brass quintet
2792,zimdancehall
2793,belgian new wave
2794,contemporary vocal jazz
2795,meditation
2796,glee club
2797,norwegian country
2798,griot
2799,skiffle
2800,mexican edm
2801,indie punk
2802,horror synth
2803,morna
2804,honky-tonk piano
2805,christian relaxative
2806,southern soul
2807,indie catala
2808,rome indie
2809,thrash metal
2810,mexican metal
2811,brazilian jazz
2812,swancore
2813,spanish renaissance
2814,israeli singer-songwriter
2815,spanish pop
2816,dakke dak
2817,xhosa
2818,minecraft
2819,soul flow
2820,belgian techno
2821,minimal dubstep
2822,latin tech house
2823,albanian hip hop
2824,progressive house
2825,atlanta indie
2826,gqom
2827,retro metal
2828,black comedy
2829,nz electronic
2830,salsa cristiana
2831,latin worship
2832,smooth saxophone
2833,jazz flute
2834,new wave of glam metal
2835,dc indie
2836,belgian pop
2837,progressive metal
2838,auckland indie
2839,garage rock
2840,flemish folk
2841,early avant garde
2842,czech hip hop
2843,leon gto indie
2844,calgary indie
2845,calypso
2846,classic mandopop
2847,spanish new wave
2848,turkish electronic
2849,frankfurt electronic
2850,electronic trap
2851,banjo
2852,arab metal
2853,psychedelic rock
2854,merseybeat
2855,musica de intervencao
2856,instrumental rock
2857,trip hop
2858,bossa nova cover
2859,instrumental stoner rock
2860,italian jazz
2861,german cloud rap
2862,rock curitibano
2863,indonesian reggae
2864,acoustic opm
2865,finnish psychedelic rock
2866,indie shoegaze
2867,nursery
2868,musica jibara
2869,lebanese indie
2870,galego
2871,thai indie
2872,indie napoletano
2873,canadian rock
2874,german choir
2875,indian metal
2876,brazilian thrash metal
2877,native american hip hop
2878,traditional swing
2879,turkish folk
2880,french soundtrack
2881,acid jazz
2882,lund indie
2883,classical saxophone
2884,pinoy trap
2885,nyckelharpa
2886,reading indie
2887,hangpan
2888,metal guitar
2889,russian trap
2890,florida death metal
2891,saskatchewan indie
2892,punk tuga
2893,indie rock italiano
2894,portland hip hop
2895,pop catracho
2896,autonomous black metal
2897,canadian folk
2898,classic country pop
2899,cornwall indie
2900,balearic
2901,mindfulness
2902,jewish pop
2903,russian ccm
2904,chicago pop punk
2905,indie folk italiano
2906,lebanese pop
2907,ska revival
2908,j-acoustic
2909,gothenburg hip hop
2910,north east england indie
2911,greek metal
2912,swedish jazz
2913,baltimore indie
2914,stockholm indie
2915,rock viet
2916,ottawa rap
2917,rockabilly
2918,norwegian hardcore
2919,musica llanera
2920,hardcore techno
2921,chanson paillarde
2922,dangdut koplo
2923,chinese worship
2924,chill beats
2925,francoton
2926,scottish gaelic folk
2927,taiwan electronic
2928,nu-cumbia
2929,neue deutsche welle
2930,piano cover
2931,french indie pop
2932,soul jazz
2933,power metal
2934,gaming edm
2935,salsa choke
2936,drum and bass
2937,deep indian pop
2938,indie veneto
2939,korean jazz
2940,hurdy-gurdy
2941,bass trap
2942,argentine reggae
2943,acid techno
2944,romanian pop
2945,metal noir quebecois
2946,glitch beats
2947,collage pop
2948,german show tunes
2949,quebec indie
2950,boston metal
2951,concertina
2952,afghan traditional
2953,guitarra argentina
2954,ragga jungle
2955,reiki
2956,canadian electropop
2957,slam death metal
2958,sunshine pop
2959,mande pop
2960,electronica argentina
2961,dfw rap
2962,kaneka
2963,post-rock
2964,noise punk
2965,dutch indie
2966,tropical house
2967,belgian indie rock
2968,australian choir
2969,doujin
2970,greek indie
2971,kids dance party
2972,experimental black metal
2973,canadian blues
2974,british post-rock
2975,progressive bluegrass
2976,hyphy
2977,colombian pop
2978,modern funk
2979,theme
2980,string quartet
2981,south carolina indie
2982,christian punk
2983,swedish dancehall
2984,rap kreyol
2985,japanese jazztronica
2986,atl hip hop
2987,french post-punk
2988,visual kei
2989,sertanejo pop
2990,microtonal
2991,chanson
2992,uk pop punk
2993,classic bollywood
2994,post-screamo
2995,yodeling
2996,spanish post-punk
2997,indiana indie
2998,university choir
2999,library music
3000,rock gaucho
3001,hamburger schule
3002,narodna muzika
3003,nz reggae
3004,bulgarian rock
3005,oyun havasi
3006,experimental techno
3007,dusseldorf indie
3008,adoracao
3009,fast melodic punk
3010,deep techno
3011,indian classical
3012,argentine hip hop
3013,australian garage punk
3014,hopebeat
3015,japanese trap
3016,deep melodic metalcore
3017,huayno
3018,icelandic traditional
3019,adult standards
3020,new wave pop
3021,dutch blues
3022,new age
3023,swedish soul
3024,massage
3025,latin american heavy psych
3026,porro
3027,art punk
3028,argentine ambient
3029,german oi
3030,barbershop
3031,indie salvadoreno
3032,classic garage rock
3033,classic nz country
3034,gulf hip hop
3035,australian talent show
3036,violin
3037,experimental dubstep
3038,disney svenska
3039,neo classical metal
3040,gaian doom
3041,polyphony
3042,australian indie
3043,minneapolis punk
3044,german ccm
3045,austrian metal
3046,southeast asian post-rock
3047,classic malaysian pop
3048,uk alternative pop
3049,new romantic
3050,romanian rock
3051,western swing
3052,guided meditation
3053,spanish metal
3054,classical flute
3055,rune folk
3056,uk hip hop
3057,technical groove
3058,vienna indie
3059,virgin islands reggae
3060,argentine rock
3061,new england americana
3062,chinese indie rock
3063,australian classical
3064,swedish alternative rock
3065,danish pop
3066,powerviolence
3067,jersey club
3068,pagan black metal
3069,chicano rap
3070,psychedelic doom
3071,cosmic post-rock
3072,nigerian pop
3073,nyhc
3074,deep christian rock
3075,new jersey rap
3076,indy indie
3077,russian reggae
3078,cinematic post-rock
3079,american contemporary classical
3080,kuduro
3081,canadian celtic
3082,future ambient
3083,regional mexican
3084,dangdut remix
3085,arabesk
3086,tollywood
3087,british invasion
3088,trap chileno
3089,college marching band
3090,panamanian pop
3091,pinoy hip hop
3092,football
3093,munich indie
3094,happy hardcore
3095,cumbia boliviana
3096,slc indie
3097,chicago punk
3098,italian mandolin
3099,italogaze
3100,brazilian gospel
3101,minimal tech house
3102,mariachi
3103,philly rap
3104,japanese experimental
3105,monterrey indie
3106,deep neofolk
3107,danish indie
3108,vintage schlager
3109,crossover thrash
3110,doo-wop
3111,hindustani instrumental
3112,oulu metal
3113,jazz brass
3114,italo beats
3115,jazz metal
3116,rock urbano mexicano
3117,japanese indie pop
3118,cumbia funk
3119,haitian gospel
3120,dark black metal
3121,christian pop
3122,japanese city pop
3123,compositional ambient
3124,sungura
3125,japanese jazz fusion
3126,r&b
3127,danseband
3128,funk das antigas
3129,neo-progressive
3130,dark psytrance
3131,oaxaca indie
3132,power electronics
3133,austrian indie
3134,organic ambient
3135,tampa indie
3136,pianissimo
3137,hardcore hip hop
3138,beach music
3139,latin funk
3140,abstractro
3141,gothic alternative
3142,gruperas inmortales
3143,greek pop
3144,folk siciliana
3145,erotica
3146,japanese idm
3147,j-pop girl group
3148,classic soundtrack
3149,combos nacionales
3150,cedm
3151,eurodance
3152,alabama metal
3153,latin alternative
3154,classic uk pop
3155,chinese indie
3156,yacht rock
3157,black thrash
3158,protopunk
3159,ambient
3160,j-idol
3161,electro house
3162,ukrainian classical
3163,medieval rock
3164,electra
3165,semba
3166,quebec punk
3167,drone ambient
3168,rap latina
3169,new mexico music
3170,chilean hardcore
3171,lo-fi
3172,classical harp
3173,djent
3174,tulsa indie
3175,chicago blues
3176,comic metal
3177,stubenmusik
3178,pakistani indie
3179,progressive psytrance
3180,classic icelandic pop
3181,psychedelic punk
3182,peruvian hip hop
3183,nz hip hop
3184,traditional soul
3185,post-teen pop
3186,voidgrind
3187,doomcore
3188,psychedelic space rock
3189,rhode island indie
3190,sertanejo
3191,nordic house
3192,puerto rican indie
3193,post-punk
3194,latin viral pop
3195,avant-garde metal
3196,latin metal
3197,dmv rap
3198,korean indie rock
3199,tijuana indie
3200,leipzig indie
3201,hypnosis
3202,kawaii metal
3203,estonian indie
3204,andean
3205,classic girl group
3206,turkish soundtrack
3207,zikir
3208,k-pop
3209,pop urbaine
3210,steampunk
3211,baltimore hip hop
3212,finnish hardcore
3213,quran
3214,canterbury scene
3215,florida hardcore
3216,boogaloo
3217,vietnamese traditional
3218,cologne electronic
3219,montenegrin pop
3220,tavern
3221,miami indie
3222,mexican hardcore
3223,kavkaz
3224,african electronic
3225,relaxative
3226,indonesian city pop
3227,zouk riddim
3228,french death metal
3229,indie quebecois
3230,latin christian
3231,bakersfield sound
3232,indie tico
3233,hard bass
3234,vapor twitch
3235,dark hardcore
3236,belgian dance
3237,christian music
3238,swiss jazz
3239,southern soul blues
3240,belgian jazz
3241,greek house
3242,finnish reggae
3243,christian hard rock
3244,argentine alternative rock
3245,cypriot pop
3246,experimental psych
3247,venezuelan indie
3248,christian a cappella
3249,classical piano trio
3250,tamborazo
3251,power blues-rock
3252,deutsch disney
3253,choro
3254,cuento infantile
3255,reggae
3256,wrestling
3257,destroy techno
3258,latin ska
3259,bulgarian electronic
3260,belgian singer-songwriter
3261,industrial hip hop
3262,gauze pop
3263,vintage tango
3264,deep progressive trance
3265,atmospheric post-metal
3266,classical trumpet
3267,children's folk
3268,garage punk blues
3269,chilean rock
3270,iraqi pop
3271,hungarian underground rap
3272,ectofolk
3273,polish experimental electronic
3274,polish contemporary classical
3275,australian ska
3276,classic italian pop
3277,japanese instrumental
3278,trap brasileiro
3279,canadian metal
3280,british blues
3281,dubstep
3282,irish metal
3283,c-pop
3284,deep uplifting trance
3285,balkan trap
3286,chunchaca
3287,laboratorio
3288,scottish new wave
3289,rap ivoire
3290,rochester mn indie
3291,turkish trap
3292,vocal house
3293,lithuanian hip hop
3294,melodic metal
3295,melodic hardcore
3296,liverpool indie
3297,nc hip hop
3298,deep east coast hip hop
3299,swedish synth
3300,tunisian pop
3301,irish folk
3302,mexican rock
3303,hard house
3304,ambient folk
3305,oslo indie
3306,string folk
3307,kansas indie
3308,ecm-style jazz
3309,no wave
3310,pixie
3311,italian renaissance
3312,punk euskera
3313,acid rock
3314,nashville singer-songwriter
3315,swedish indie rock
3316,swedish hard rock
3317,latin surf rock
3318,british soul
3319,krautrock
3320,detroit indie
3321,moombahton
3322,toronto indie
3323,latin talent show
3324,mississippi indie
3325,recorder
3326,jazz trio
3327,banda carnavalera
3328,guqin
3329,tico
3330,memphis americana
3331,israeli jazz
3332,indonesian hardcore
3333,modern dream pop
3334,schranz
3335,fijian pop
3336,icelandic pop
3337,dansband
3338,hawaiian punk
3339,hip hop cubano
3340,post-romantic era
3341,indonesian indie
3342,irish accordion
3343,swedish techno
3344,tar
3345,pet calming
3346,old west
3347,birthday
3348,steelpan
3349,russian alternative
3350,detroit techno
3351,new orleans rap
3352,japanese melodic punk
3353,punk blues
3354,norman ok indie
3355,minimal dub
3356,deep indie pop
3357,alberta hip hop
3358,kosovan pop
3359,mpb
3360,boy pop
